"Data","Último","Abertura","Alta","Baixa","Vol.","Var. %"
"24.05.2023","57,24","57,60","57,72","56,76","944,81K","-2,83%"
"23.05.2023","58,91","58,21","60,00","57,86","1,10M","0,46%"
"22.05.2023","58,64","59,21","59,24","58,38","649,05K","0,02%"
"19.05.2023","58,63","59,31","59,57","58,21","724,25K","-0,91%"
"18.05.2023","59,17","59,21","59,63","58,53","672,60K","-0,22%"
"17.05.2023","59,30","57,74","59,50","57,57","1,23M","3,80%"
"16.05.2023","57,13","57,41","57,67","56,89","1,15M","-1,33%"
"15.05.2023","57,90","57,00","58,20","56,75","1,21M","3,10%"
"12.05.2023","56,16","55,97","56,47","55,50","672,80K","0,39%"
"11.05.2023","55,94","54,88","56,51","54,88","951,31K","0,77%"
"10.05.2023","55,51","56,70","56,72","54,56","878,87K","-0,88%"
"09.05.2023","56,00","54,72","56,19","54,50","1,32M","1,76%"
"08.05.2023","55,03","55,84","56,10","54,28","946,11K","-0,79%"
"05.05.2023","55,47","54,80","55,89","54,56","767,48K","2,61%"
"04.05.2023","54,06","54,90","55,11","53,42","1,20M","-2,65%"
"03.05.2023","55,53","56,83","57,10","55,29","1,11M","-1,46%"
"02.05.2023","56,35","57,00","57,98","54,95","1,53M","-0,62%"
"01.05.2023","56,70","56,33","57,36","56,31","1,03M","0,60%"
"28.04.2023","56,36","55,27","56,68","55,03","796,99K","1,81%"
"27.04.2023","55,36","55,80","55,80","54,47","794,15K","2,23%"
"26.04.2023","54,15","54,34","55,25","54,12","710,26K","0,24%"
"25.04.2023","54,02","54,74","55,12","53,83","659,86K","-2,47%"
"24.04.2023","55,39","55,88","56,40","55,19","593,73K","-0,77%"
"21.04.2023","55,82","55,22","55,92","54,76","977,70K","1,00%"
"20.04.2023","55,27","55,72","55,87","54,97","537,22K","-0,97%"
"19.04.2023","55,81","55,62","55,99","55,17","549,49K","-0,89%"
"18.04.2023","56,31","56,58","56,79","55,95","597,67K","0,18%"
"17.04.2023","56,21","55,42","56,44","55,24","552,20K","1,46%"
"14.04.2023","55,40","55,85","56,56","55,20","883,24K","-0,66%"
"13.04.2023","55,77","55,70","56,25","55,01","885,22K","0,49%"
"12.04.2023","55,50","55,15","55,92","54,20","1,69M","2,83%"
"11.04.2023","53,97","55,26","55,41","53,92","869,76K","-1,69%"
"10.04.2023","54,90","54,43","55,33","54,28","539,18K","0,46%"
"06.04.2023","54,65","54,17","55,18","53,72","1,34M","1,15%"
"05.04.2023","54,03","54,94","55,25","53,56","1,51M","-2,46%"
"04.04.2023","55,39","56,56","56,62","55,10","1,33M","-1,51%"
"03.04.2023","56,24","56,70","56,94","55,59","1,27M","0,02%"
"31.03.2023","56,23","56,22","57,23","56,12","1,60M","1,55%"
"30.03.2023","55,37","54,86","56,02","54,65","1,51M","3,11%"
"29.03.2023","53,70","53,78","54,13","53,33","1,15M","1,42%"
"28.03.2023","52,95","51,40","53,05","51,16","1,47M","2,86%"
"27.03.2023","51,48","51,04","51,87","50,62","1,13M","2,31%"
"24.03.2023","50,32","50,18","50,76","49,58","1,66M","-1,35%"
"23.03.2023","51,01","51,90","52,27","49,69","2,31M","-1,14%"
"22.03.2023","51,60","52,80","52,97","51,53","1,37M","-2,73%"
"21.03.2023","53,05","53,40","54,33","52,89","1,53M","2,47%"
"20.03.2023","51,77","51,04","52,32","50,79","1,92M","2,05%"
"17.03.2023","50,73","52,71","52,76","50,50","2,06M","-4,98%"
"16.03.2023","53,39","51,44","53,75","50,50","2,71M","1,83%"
"15.03.2023","52,43","53,12","53,36","51,02","3,19M","-3,83%"
"14.03.2023","54,52","56,47","57,02","53,99","2,54M","-0,87%"
"13.03.2023","55,00","55,25","55,78","54,11","8,09M","-2,55%"
"10.03.2023","56,44","57,30","58,03","55,90","3,50M","-1,55%"
"09.03.2023","57,33","59,15","59,65","56,87","7,39M","-4,42%"
"08.03.2023","59,98","60,76","61,96","58,92","2,42M","-3,26%"
"07.03.2023","62,00","61,64","62,21","60,84","601,17K","0,65%"
"06.03.2023","61,60","63,76","63,99","61,26","1,18M","-3,57%"
"03.03.2023","63,88","65,50","65,96","63,71","1,37M","-2,43%"
"02.03.2023","65,47","65,75","66,85","63,20","2,01M","3,74%"
"01.03.2023","63,11","62,50","63,88","61,95","935,02K","1,07%"
"28.02.2023","62,44","62,14","62,90","61,55","1,22M","0,26%"
"27.02.2023","62,28","61,78","62,70","61,44","698,87K","1,90%"
"24.02.2023","61,12","60,26","61,15","59,94","826,61K","-0,15%"
"23.02.2023","61,21","60,85","61,72","60,50","688,97K","1,68%"
"22.02.2023","60,20","58,83","60,75","58,72","717,99K","2,49%"
"21.02.2023","58,74","60,49","60,56","58,03","1,26M","-4,30%"
"17.02.2023","61,38","62,93","63,10","60,76","895,69K","-2,80%"
"16.02.2023","63,15","62,46","63,54","62,10","611,31K","0,32%"
"15.02.2023","62,95","62,39","63,11","62,23","385,92K","-0,10%"
"14.02.2023","63,01","61,41","63,11","61,21","479,77K","2,12%"
"13.02.2023","61,70","61,78","62,11","61,38","579,50K","-0,18%"
"10.02.2023","61,81","61,65","61,93","60,98","553,20K","0,08%"
"09.02.2023","61,76","62,19","62,60","61,73","491,91K","-0,10%"
"08.02.2023","61,82","61,86","62,72","61,63","559,62K","-0,61%"
"07.02.2023","62,20","61,55","62,65","61,10","548,21K","1,19%"
"06.02.2023","61,47","62,19","62,68","61,14","659,65K","-2,51%"
"03.02.2023","63,05","63,17","63,60","62,90","372,64K","-1,19%"
"02.02.2023","63,81","65,00","65,38","63,52","659,30K","-1,25%"
"01.02.2023","64,62","62,92","64,76","62,92","528,37K","2,23%"
"31.01.2023","63,21","63,08","63,41","62,72","634,21K","0,65%"
"30.01.2023","62,80","63,42","64,00","62,78","597,86K","-1,78%"
"27.01.2023","63,94","64,70","65,07","63,94","517,00K","-1,65%"
"26.01.2023","65,01","64,09","65,02","63,31","520,98K","1,91%"
"25.01.2023","63,79","63,02","64,08","62,84","1,06M","0,16%"
"24.01.2023","63,69","63,00","64,36","62,86","492,71K","0,30%"
"23.01.2023","63,50","63,01","63,50","62,94","481,37K","1,02%"
"20.01.2023","62,86","62,27","63,02","62,08","441,51K","1,93%"
"19.01.2023","61,67","62,76","63,26","61,22","770,27K","-3,08%"
"18.01.2023","63,63","64,50","65,00","63,19","760,78K","-0,59%"
"17.01.2023","64,01","63,34","64,14","62,90","1,07M","0,82%"
"13.01.2023","63,49","62,65","63,81","62,24","524,93K","0,30%"
"12.01.2023","63,30","62,16","63,44","61,84","1,00M","3,09%"
"11.01.2023","61,40","60,46","61,47","60,38","838,61K","1,24%"
"10.01.2023","60,65","61,31","61,64","60,01","924,49K","-2,08%"
"09.01.2023","61,94","62,00","63,15","61,93","874,78K","0,85%"
"06.01.2023","61,42","60,53","61,52","60,03","622,27K","2,76%"
"05.01.2023","59,77","59,13","60,31","58,69","738,02K","0,49%"
"04.01.2023","59,48","58,64","59,84","57,97","915,68K","2,64%"
"03.01.2023","57,95","58,50","59,50","57,82","684,77K","-0,63%"
"30.12.2022","58,32","57,49","58,33","57,34","483,48K","0,78%"
"29.12.2022","57,87","57,02","58,14","56,54","364,99K","1,99%"
"28.12.2022","56,74","57,48","58,13","56,59","646,73K","-1,12%"
"27.12.2022","57,38","56,76","57,64","56,34","587,06K","1,24%"
"23.12.2022","56,68","56,40","56,98","56,11","438,11K","0,87%"
"22.12.2022","56,19","56,42","56,71","55,58","559,77K","-1,59%"
"21.12.2022","57,10","57,29","57,58","56,76","859,73K","0,37%"
"20.12.2022","56,89","56,67","57,21","56,50","976,56K","0,32%"
"19.12.2022","56,71","57,21","57,73","56,60","557,96K","-0,94%"
"16.12.2022","57,25","55,75","57,75","55,47","1,07M","-1,07%"
"15.12.2022","57,87","58,56","58,88","57,75","665,29K","-2,23%"
"14.12.2022","59,19","59,65","60,20","58,84","936,05K","-0,45%"
"13.12.2022","59,46","60,79","61,06","58,95","1,00M","0,24%"
"12.12.2022","59,32","58,83","59,81","58,57","1,12M","0,99%"
"09.12.2022","58,74","58,50","59,04","58,33","358,86K","-0,10%"
"08.12.2022","58,80","59,60","59,76","58,74","480,64K","-0,32%"
"07.12.2022","58,99","59,74","60,00","58,74","650,86K","-1,68%"
"06.12.2022","60,00","60,52","60,67","59,33","566,80K","-0,40%"
"05.12.2022","60,24","60,88","61,00","59,99","874,00K","-1,65%"
"02.12.2022","61,25","60,17","61,54","59,89","745,23K","0,51%"
"01.12.2022","60,94","61,59","62,28","60,66","807,98K","-0,75%"
"30.11.2022","61,40","60,03","61,56","59,61","1,71M","1,93%"
"29.11.2022","60,24","59,78","60,46","59,58","465,81K","1,45%"
"28.11.2022","59,38","59,44","59,98","59,12","680,88K","-1,17%"
"25.11.2022","60,08","59,68","60,46","59,68","552,64K","0,25%"
"23.11.2022","59,93","59,63","60,17","59,54","719,20K","0,12%"
"22.11.2022","59,86","59,65","60,07","59,25","499,84K","1,37%"
"21.11.2022","59,05","58,65","59,21","58,53","651,00K","-0,49%"
"18.11.2022","59,34","59,59","60,19","58,72","1,10M","0,99%"
"17.11.2022","58,76","57,21","58,84","56,77","1,05M","1,14%"
"16.11.2022","58,10","57,71","58,30","57,06","1,05M","-0,53%"
"15.11.2022","58,41","59,81","59,98","57,62","1,36M","-0,66%"
"14.11.2022","58,80","58,23","59,19","57,65","983,99K","-0,29%"
"11.11.2022","58,97","58,79","59,90","58,47","1,61M","0,61%"
"10.11.2022","58,61","58,16","59,18","57,58","1,24M","4,64%"
"09.11.2022","56,01","56,06","56,81","55,52","1,03M","-1,27%"
"08.11.2022","56,73","56,92","57,74","56,08","1,32M","-0,33%"
"07.11.2022","56,92","56,19","57,17","55,13","897,24K","2,26%"
"04.11.2022","55,66","55,00","56,50","54,72","1,68M","3,28%"
"03.11.2022","53,89","55,62","55,62","52,51","1,64M","4,52%"
"02.11.2022","51,56","53,09","53,44","51,49","1,49M","-3,91%"
"01.11.2022","53,66","53,62","54,69","53,33","870,45K","0,47%"
"31.10.2022","53,41","53,04","54,35","53,04","1,25M","0,60%"
"28.10.2022","53,09","52,78","53,09","51,81","825,42K","1,12%"
"27.10.2022","52,50","51,74","53,51","51,57","922,30K","2,02%"
"26.10.2022","51,46","51,47","52,32","51,36","634,16K","0,29%"
"25.10.2022","51,31","50,37","51,42","50,28","625,21K","1,40%"
"24.10.2022","50,60","51,09","51,40","49,90","849,30K","-0,92%"
"21.10.2022","51,07","49,94","51,20","49,42","694,91K","1,92%"
"20.10.2022","50,11","49,81","51,20","49,65","618,87K","0,62%"
"19.10.2022","49,80","50,58","51,52","49,57","621,12K","-1,50%"
"18.10.2022","50,56","51,26","51,74","50,17","807,68K","1,49%"
"17.10.2022","49,82","49,89","50,58","48,46","627,17K","2,22%"
"14.10.2022","48,74","49,77","50,47","48,59","808,45K","-0,77%"
"13.10.2022","49,12","47,05","49,66","45,95","723,27K","2,01%"
"12.10.2022","48,15","46,87","48,57","45,99","834,65K","3,04%"
"11.10.2022","46,73","47,48","47,66","45,47","933,24K","-2,24%"
"10.10.2022","47,80","47,33","48,08","47,07","513,17K","1,29%"
"07.10.2022","47,19","46,89","47,56","46,29","815,20K","-1,01%"
"06.10.2022","47,67","47,29","48,21","47,14","674,45K","-0,19%"
"05.10.2022","47,76","46,85","47,95","46,29","975,04K","-0,17%"
"04.10.2022","47,84","45,95","47,86","45,80","938,02K","7,94%"
"03.10.2022","44,32","43,25","44,91","42,72","942,55K","4,70%"
"30.09.2022","42,33","43,11","43,65","42,29","926,04K","-1,65%"
"29.09.2022","43,04","42,59","43,12","41,68","1,24M","-1,03%"
"28.09.2022","43,49","42,10","43,95","41,84","1,02M","4,04%"
"27.09.2022","41,80","40,34","41,88","40,34","1,22M","5,16%"
"26.09.2022","39,75","40,79","41,53","39,73","1,42M","-3,59%"
"23.09.2022","41,23","40,34","41,60","39,83","1,98M","-0,34%"
"22.09.2022","41,37","42,68","42,72","40,47","1,30M","-3,14%"
"21.09.2022","42,71","43,98","44,04","42,26","1,11M","-2,22%"
"20.09.2022","43,68","44,15","44,52","43,37","666,87K","-2,65%"
"19.09.2022","44,87","43,23","45,30","43,06","698,38K","1,42%"
"16.09.2022","44,24","45,29","45,60","44,00","1,18M","-4,61%"
"15.09.2022","46,38","46,75","47,63","46,03","1,19M","-1,42%"
"14.09.2022","47,05","47,54","47,54","45,96","981,45K","-0,53%"
"13.09.2022","47,30","46,84","47,76","46,75","1,03M","-2,83%"
"12.09.2022","48,68","47,78","49,04","47,76","894,07K","3,35%"
"09.09.2022","47,10","45,86","47,16","45,44","627,94K","4,62%"
"08.09.2022","45,02","43,97","45,03","43,44","726,41K","0,94%"
"07.09.2022","44,60","43,28","45,05","43,09","1,23M","2,06%"
"06.09.2022","43,70","43,69","43,78","42,85","987,12K","0,48%"
"02.09.2022","43,49","44,22","44,22","43,13","400,25K","0,44%"
"01.09.2022","43,30","43,50","43,59","42,32","675,28K","-1,70%"
"31.08.2022","44,05","44,97","45,16","43,99","970,63K","-1,65%"
"30.08.2022","44,79","46,06","46,17","44,46","555,22K","-1,56%"
"29.08.2022","45,50","45,27","46,05","44,84","534,12K","-0,20%"
"26.08.2022","45,59","47,83","48,08","45,59","459,66K","-4,68%"
"25.08.2022","47,83","46,80","48,04","46,26","496,77K","3,17%"
"24.08.2022","46,36","46,39","46,82","45,94","600,55K","-0,73%"
"23.08.2022","46,70","46,39","47,33","46,39","700,98K","1,30%"
"22.08.2022","46,10","46,28","46,70","45,90","639,68K","-2,95%"
"19.08.2022","47,50","48,21","48,24","46,72","885,07K","-2,70%"
"18.08.2022","48,82","48,75","49,25","48,39","585,42K","-0,35%"
"17.08.2022","48,99","49,55","49,81","48,55","672,56K","-3,18%"
"16.08.2022","50,60","50,31","51,03","50,13","539,35K","0,06%"
"15.08.2022","50,57","49,81","50,58","49,57","667,77K","0,22%"
"12.08.2022","50,46","48,88","51,01","48,77","1,05M","4,13%"
"11.08.2022","48,46","50,35","50,65","47,04","2,12M","1,47%"
"10.08.2022","47,76","47,23","48,28","47,17","1,20M","4,07%"
"09.08.2022","45,89","45,32","46,06","44,90","1,00M","1,32%"
"08.08.2022","45,29","45,56","46,12","45,04","1,40M","0,33%"
"05.08.2022","45,14","43,57","45,16","43,18","847,80K","1,28%"
"04.08.2022","44,57","45,00","45,21","44,31","634,62K","-0,11%"
"03.08.2022","44,62","43,61","44,87","43,37","716,04K","3,60%"
"02.08.2022","43,07","43,93","44,08","42,95","994,39K","-2,73%"
"01.08.2022","44,28","44,50","44,75","43,54","1,06M","-1,29%"
"29.07.2022","44,86","45,17","45,47","44,37","1,55M","0,34%"
"28.07.2022","44,71","45,11","45,28","43,91","514,74K","-0,07%"
"27.07.2022","44,74","44,17","44,94","43,76","421,94K","3,49%"
"26.07.2022","43,23","43,68","43,68","42,87","419,67K","-0,92%"
"25.07.2022","43,63","43,10","43,72","42,07","538,07K","1,51%"
"22.07.2022","42,98","44,17","44,49","42,61","1,26M","-2,56%"
"21.07.2022","44,11","43,01","44,11","42,53","1,22M","1,19%"
"20.07.2022","43,59","42,72","43,91","42,20","904,97K","1,49%"
"19.07.2022","42,95","41,87","43,09","41,87","642,25K","4,60%"
"18.07.2022","41,06","41,29","41,96","40,60","750,82K","2,55%"
"15.07.2022","40,04","39,31","40,38","38,30","616,63K","3,46%"
"14.07.2022","38,70","38,62","39,01","37,95","815,79K","-2,67%"
"13.07.2022","39,76","39,28","39,92","38,77","746,77K","-1,05%"
"12.07.2022","40,18","38,27","40,68","38,22","753,40K","4,04%"
"11.07.2022","38,62","38,56","39,48","38,43","549,35K","-1,68%"
"08.07.2022","39,28","39,25","40,28","38,55","901,69K","0,41%"
"07.07.2022","39,12","38,56","39,45","38,14","1,46M","3,27%"
"06.07.2022","37,88","39,81","40,23","37,87","1,28M","-4,75%"
"05.07.2022","39,77","39,77","39,96","38,65","938,08K","-3,54%"
"01.07.2022","41,23","40,85","42,02","40,31","956,53K","0,71%"
"30.06.2022","40,94","39,32","41,02","38,74","1,18M","1,49%"
"29.06.2022","40,34","40,43","40,63","39,69","660,59K","-0,30%"
"28.06.2022","40,46","41,79","42,38","40,39","1,03M","-0,74%"
"27.06.2022","40,76","41,15","41,30","40,19","538,77K","-0,56%"
"24.06.2022","40,99","39,38","41,00","39,38","784,01K","5,67%"
"23.06.2022","38,79","39,29","39,29","37,65","1,21M","-1,47%"
"22.06.2022","39,37","39,25","40,06","39,13","613,94K","-2,48%"
"21.06.2022","40,37","40,75","40,92","39,71","906,64K","2,00%"
"17.06.2022","39,58","38,24","39,97","37,52","1,43M","4,41%"
"16.06.2022","37,91","39,20","39,20","37,20","1,58M","-7,24%"
"15.06.2022","40,87","40,34","41,81","40,22","1,23M","3,13%"
"14.06.2022","39,63","41,20","41,86","39,32","982,70K","-3,25%"
"13.06.2022","40,96","42,90","42,96","40,72","1,48M","-8,20%"
"10.06.2022","44,62","45,42","45,98","44,47","607,34K","-4,62%"
"09.06.2022","46,78","48,63","48,63","46,74","425,68K","-4,32%"
"08.06.2022","48,89","49,73","49,93","48,74","427,53K","-2,51%"
"07.06.2022","50,15","48,90","50,23","48,77","464,27K","1,33%"
"06.06.2022","49,49","49,81","50,07","49,02","563,36K","0,57%"
"03.06.2022","49,21","48,73","49,40","48,37","537,48K","-0,75%"
"02.06.2022","49,58","48,92","49,66","48,35","499,87K","2,21%"
"01.06.2022","48,51","49,27","49,71","47,19","813,35K","-1,88%"
"31.05.2022","49,44","48,50","49,99","47,79","2,92M","0,90%"
"27.05.2022","49,00","48,08","49,37","48,08","940,46K","2,60%"
"26.05.2022","47,76","46,28","48,04","45,91","855,92K","4,12%"
"25.05.2022","45,87","45,72","46,47","45,00","825,98K","0,07%"
"24.05.2022","45,84","47,07","47,33","44,67","1,02M","-3,88%"
"23.05.2022","47,69","47,53","48,54","46,95","994,30K","1,90%"
"20.05.2022","46,80","46,86","47,10","45,16","1,64M","2,32%"
"19.05.2022","45,74","44,90","47,37","44,72","2,04M","-0,74%"
"18.05.2022","46,08","47,01","48,16","45,98","2,02M","-4,40%"
"17.05.2022","48,20","47,77","49,24","47,36","1,67M","6,19%"
"16.05.2022","45,39","44,20","45,81","44,00","1,20M","1,57%"
"13.05.2022","44,69","42,70","44,97","42,70","888,33K","6,76%"
"12.05.2022","41,86","42,32","42,98","40,98","1,26M","-2,58%"
"11.05.2022","42,97","43,07","45,01","42,82","1,35M","0,09%"
"10.05.2022","42,93","42,61","43,71","41,65","1,49M","2,73%"
"09.05.2022","41,79","45,11","45,64","41,19","1,92M","-9,66%"
"06.05.2022","46,26","46,86","47,13","45,77","1,34M","-2,32%"
"05.05.2022","47,36","47,68","48,42","46,71","1,10M","-2,51%"
"04.05.2022","48,58","47,34","48,78","46,48","621,23K","2,38%"
"03.05.2022","47,45","47,08","47,86","46,62","797,77K","1,65%"
"02.05.2022","46,68","46,62","47,10","45,44","828,55K","-0,06%"
"29.04.2022","46,71","47,85","48,52","46,53","1,18M","-3,17%"
"28.04.2022","48,24","47,11","48,90","46,92","994,94K","2,66%"
"27.04.2022","46,99","47,35","47,83","46,49","1,46M","-1,16%"
"26.04.2022","47,54","49,34","49,59","47,47","869,66K","-5,20%"
"25.04.2022","50,15","50,05","50,53","48,71","1,29M","-2,26%"
"22.04.2022","51,31","52,32","52,91","51,16","774,55K","-3,21%"
"21.04.2022","53,01","54,16","54,95","52,35","1,15M","0,11%"
"20.04.2022","52,95","53,03","53,66","52,28","1,26M","0,36%"
"19.04.2022","52,76","50,54","52,85","49,88","1,07M","5,00%"
"18.04.2022","50,25","49,85","51,00","49,81","558,42K","-0,16%"
"14.04.2022","50,33","50,21","51,27","50,21","778,13K","0,22%"
"13.04.2022","50,22","49,24","50,30","49,11","966,29K","2,99%"
"12.04.2022","48,76","49,03","49,73","48,35","1,26M","0,41%"
"11.04.2022","48,56","49,10","50,61","48,46","1,41M","-1,46%"
"08.04.2022","49,28","48,83","49,96","48,66","1,57M","0,86%"
"07.04.2022","48,86","48,83","49,28","46,45","2,01M","0,66%"
"06.04.2022","48,54","48,75","49,06","47,51","1,17M","-2,04%"
"05.04.2022","49,55","50,66","51,44","49,50","1,27M","-3,05%"
"04.04.2022","51,11","50,36","51,47","49,71","2,01M","1,21%"
"01.04.2022","50,50","51,00","51,08","49,75","1,67M","0,44%"
"31.03.2022","50,28","50,73","51,57","49,99","2,47M","-2,26%"
"30.03.2022","51,44","49,80","54,34","49,54","4,81M","-8,42%"
"29.03.2022","56,17","55,48","57,17","55,22","2,13M","3,06%"
"28.03.2022","54,50","54,00","54,73","53,01","1,34M","0,48%"
"25.03.2022","54,24","54,50","55,18","53,91","1,09M","-0,51%"
"24.03.2022","54,52","55,02","55,13","54,13","1,49M","-0,20%"
"23.03.2022","54,63","55,95","56,00","54,49","1,14M","-3,38%"
"22.03.2022","56,54","54,44","57,15","54,08","1,46M","4,28%"
"21.03.2022","54,22","54,32","54,62","53,67","1,72M","-0,66%"
"18.03.2022","54,58","54,20","55,22","53,59","1,47M","-0,33%"
"17.03.2022","54,76","52,99","55,13","52,99","1,03M","1,16%"
"16.03.2022","54,13","52,80","54,85","52,33","2,16M","4,10%"
"15.03.2022","52,00","51,57","52,60","51,21","1,84M","1,98%"
"14.03.2022","50,99","51,51","51,71","50,45","1,29M","-0,02%"
"11.03.2022","51,00","50,27","52,10","50,22","1,49M","3,13%"
"10.03.2022","49,45","47,48","49,49","47,48","1,67M","0,90%"
"09.03.2022","49,01","51,00","51,94","48,65","2,79M","0,78%"
"08.03.2022","48,63","45,48","50,05","45,20","3,80M","10,80%"
"07.03.2022","43,89","47,42","47,73","43,75","3,53M","-7,91%"
"04.03.2022","47,66","50,15","50,50","46,76","3,91M","-7,47%"
"03.03.2022","51,51","54,01","54,10","50,45","2,43M","-5,00%"
"02.03.2022","54,22","53,78","55,61","52,37","2,67M","2,50%"
"01.03.2022","52,90","54,00","55,04","51,64","3,72M","-2,81%"
"28.02.2022","54,43","57,35","59,26","52,47","23,20M","-13,34%"
"25.02.2022","62,81","61,68","64,16","61,13","2,48M","2,56%"
"24.02.2022","61,24","61,24","62,32","58,54","3,47M","-3,25%"
"23.02.2022","63,30","64,87","65,76","63,23","1,57M","-1,05%"
"22.02.2022","63,97","65,30","65,98","63,55","1,71M","-2,74%"
"18.02.2022","65,77","66,00","67,20","64,96","1,36M","0,34%"
"17.02.2022","65,55","66,31","67,25","65,13","1,15M","-1,49%"
"16.02.2022","66,54","64,84","67,01","64,82","1,88M","1,79%"
"15.02.2022","65,37","64,28","65,60","63,82","1,36M","4,83%"
"14.02.2022","62,36","62,09","63,63","61,93","1,50M","0,53%"
"11.02.2022","62,03","64,88","65,80","61,73","1,84M","-5,82%"
"10.02.2022","65,86","66,52","68,57","65,27","2,22M","-2,14%"
"09.02.2022","67,30","66,18","67,47","66,10","1,33M","3,43%"
"08.02.2022","65,07","63,54","65,56","63,51","947,63K","3,11%"
"07.02.2022","63,11","62,79","64,41","62,70","950,01K","0,85%"
"04.02.2022","62,58","61,71","63,11","61,56","686,50K","0,81%"
"03.02.2022","62,08","62,74","63,70","62,03","810,21K","-2,02%"
"02.02.2022","63,36","64,40","65,12","63,30","964,37K","-1,63%"
"01.02.2022","64,41","63,48","64,51","62,32","1,09M","2,24%"
"31.01.2022","63,00","60,95","63,23","60,95","1,77M","2,42%"
"28.01.2022","61,51","61,09","61,60","59,51","1,40M","0,15%"
"27.01.2022","61,42","63,62","64,56","61,13","2,47M","-2,29%"
"26.01.2022","62,86","63,79","64,99","62,52","1,44M","0,11%"
"25.01.2022","62,79","61,78","63,52","60,00","1,37M","0,14%"
"24.01.2022","62,70","61,43","63,03","59,60","1,85M","-0,93%"
"21.01.2022","63,29","64,48","65,16","62,43","1,48M","-2,71%"
"20.01.2022","65,05","65,95","67,65","64,90","1,30M","-1,68%"
"19.01.2022","66,16","67,89","67,89","66,15","1,17M","-2,14%"
"18.01.2022","67,61","68,36","68,92","67,43","1,64M","-1,10%"
"14.01.2022","68,36","66,59","68,54","65,80","1,25M","1,58%"
"13.01.2022","67,30","66,60","68,34","66,50","1,47M","1,23%"
"12.01.2022","66,48","67,30","67,80","65,33","1,62M","-1,03%"
"11.01.2022","67,17","67,40","67,46","66,33","1,36M","-0,27%"
"10.01.2022","67,35","67,59","68,18","66,00","869,71K","-0,55%"
"07.01.2022","67,72","68,10","68,90","67,30","992,50K","1,41%"
"06.01.2022","66,78","65,74","67,22","64,77","1,21M","1,81%"
"05.01.2022","65,59","68,46","69,00","65,54","1,36M","-3,54%"
"04.01.2022","68,00","68,82","69,36","67,80","962,15K","0,44%"
"03.01.2022","67,70","65,93","68,95","65,93","1,48M","3,49%"
"31.12.2021","65,42","64,81","65,87","64,64","458,10K","0,23%"
"30.12.2021","65,27","65,18","66,03","65,01","580,68K","0,17%"
"29.12.2021","65,16","64,81","65,68","64,52","770,18K","0,14%"
"28.12.2021","65,07","65,08","66,32","64,70","683,31K","-1,02%"
"27.12.2021","65,74","63,72","65,81","63,01","962,70K","2,78%"
"23.12.2021","63,96","64,45","64,94","63,92","690,78K","-0,08%"
"22.12.2021","64,01","62,60","64,19","62,53","1,06M","2,43%"
"21.12.2021","62,49","59,36","62,53","58,49","1,83M","7,48%"
"20.12.2021","58,14","58,44","59,22","57,37","1,22M","-2,73%"
"17.12.2021","59,77","60,09","60,97","58,92","1,96M","-1,47%"
"16.12.2021","60,66","61,18","62,00","60,59","1,77M","0,88%"
"15.12.2021","60,13","58,72","60,53","57,07","1,14M","1,69%"
"14.12.2021","59,13","59,19","60,30","58,85","1,04M","-1,04%"
"13.12.2021","59,75","60,08","60,35","58,63","1,10M","-1,32%"
"10.12.2021","60,55","60,90","61,67","59,83","1,19M","0,36%"
"09.12.2021","60,33","61,00","61,27","59,83","1,02M","-1,68%"
"08.12.2021","61,36","59,51","62,06","59,29","1,24M","2,51%"
"07.12.2021","59,86","57,99","60,48","57,65","1,69M","4,34%"
"06.12.2021","57,37","56,56","58,37","55,71","1,08M","3,22%"
"03.12.2021","55,58","57,02","57,19","54,87","1,02M","-2,34%"
"02.12.2021","56,91","55,00","57,42","54,55","1,31M","4,42%"
"01.12.2021","54,50","57,87","59,08","54,48","1,37M","-2,75%"
"30.11.2021","56,04","56,32","56,96","54,03","1,66M","-2,35%"
"29.11.2021","57,39","58,80","60,31","56,17","1,85M","-0,61%"
"26.11.2021","57,74","57,64","58,42","55,02","2,38M","-7,73%"
"24.11.2021","62,58","62,31","62,91","61,66","435,59K","-0,19%"
"23.11.2021","62,70","63,16","63,67","62,54","629,19K","-0,38%"
"22.11.2021","62,94","63,07","63,32","62,10","715,34K","1,50%"
"19.11.2021","62,01","62,20","62,52","61,42","1,08M","-1,71%"
"18.11.2021","63,09","64,00","64,19","62,76","1,03M","-0,22%"
"17.11.2021","63,23","64,00","64,29","62,79","952,58K","-1,89%"
"16.11.2021","64,45","65,00","65,12","64,13","1,02M","-1,39%"
"15.11.2021","65,36","65,36","65,86","64,67","660,34K","0,88%"
"12.11.2021","64,79","65,43","66,86","64,43","1,04M","-1,83%"
"11.11.2021","66,00","67,75","68,64","65,46","1,31M","-2,74%"
"10.11.2021","67,86","69,00","71,38","67,21","2,00M","-1,12%"
"09.11.2021","68,63","68,06","68,81","67,39","1,71M","-0,61%"
"08.11.2021","69,05","68,27","69,21","67,36","1,68M","2,30%"
"05.11.2021","67,50","65,84","68,10","65,81","1,59M","4,42%"
"04.11.2021","64,64","66,31","66,83","63,80","758,05K","-1,84%"
"03.11.2021","65,85","64,27","66,28","64,20","1,78M","1,81%"
"02.11.2021","64,68","63,99","64,79","63,50","3,00M","1,78%"
"01.11.2021","63,55","59,68","63,64","59,52","1,63M","7,64%"
"29.10.2021","59,04","60,66","60,99","58,66","931,38K","-3,01%"
"28.10.2021","60,87","59,96","61,31","59,23","727,54K","1,93%"
"27.10.2021","59,72","61,77","62,18","59,46","1,14M","-3,66%"
"26.10.2021","61,99","64,68","65,12","61,81","1,11M","-3,71%"
"25.10.2021","64,38","65,01","65,71","64,08","901,77K","-0,16%"
"22.10.2021","64,48","63,27","64,58","62,37","911,03K","1,98%"
"21.10.2021","63,23","63,59","64,86","62,95","1,33M","-0,53%"
"20.10.2021","63,57","59,96","63,70","59,85","1,17M","5,60%"
"19.10.2021","60,20","61,54","61,80","59,79","598,30K","-2,70%"
"18.10.2021","61,87","60,60","62,01","60,12","683,07K","1,23%"
"15.10.2021","61,12","61,76","62,43","60,80","1,60M","1,14%"
"14.10.2021","60,43","60,71","60,71","59,88","447,08K","0,78%"
"13.10.2021","59,96","59,06","60,08","57,84","1,13M","1,10%"
"12.10.2021","59,31","58,79","59,56","58,39","473,04K","0,58%"
"11.10.2021","58,97","59,00","60,42","58,95","302,77K","-0,59%"
"08.10.2021","59,32","59,64","60,20","59,14","511,03K","-0,98%"
"07.10.2021","59,91","61,21","61,21","59,87","667,98K","-0,63%"
"06.10.2021","60,29","59,58","60,88","58,13","557,45K","-0,53%"
"05.10.2021","60,61","60,66","61,23","59,49","497,34K","1,24%"
"04.10.2021","59,87","60,08","60,94","59,38","760,83K","-0,94%"
"01.10.2021","60,44","58,22","62,18","57,86","1,31M","4,55%"
"30.09.2021","57,81","59,75","59,75","57,81","875,64K","-2,87%"
"29.09.2021","59,52","60,35","60,56","59,33","765,23K","-0,93%"
"28.09.2021","60,08","58,73","60,31","58,70","1,22M","2,33%"
"27.09.2021","58,71","58,87","59,94","58,69","853,02K","0,46%"
"24.09.2021","58,44","58,17","59,45","58,17","686,43K","0,26%"
"23.09.2021","58,29","55,80","58,32","55,65","1,16M","5,94%"
"22.09.2021","55,02","54,18","55,20","54,09","622,12K","3,00%"
"21.09.2021","53,42","55,14","55,29","53,40","413,23K","-2,34%"
"20.09.2021","54,70","52,69","54,76","52,02","716,00K","-0,07%"
"17.09.2021","54,74","55,19","55,80","54,35","590,66K","-1,19%"
"16.09.2021","55,40","55,81","56,17","55,16","466,70K","-0,82%"
"15.09.2021","55,86","54,18","56,41","53,89","986,39K","2,99%"
"14.09.2021","54,24","54,91","54,99","53,61","1,27M","-0,42%"
"13.09.2021","54,47","53,18","54,53","52,17","750,33K","3,20%"
"10.09.2021","52,78","54,55","54,90","52,78","500,49K","-2,44%"
"09.09.2021","54,10","52,38","54,89","52,09","503,79K","2,81%"
"08.09.2021","52,62","53,51","54,07","52,54","523,61K","-2,45%"
"07.09.2021","53,94","54,35","55,38","53,94","469,37K","-0,04%"
"03.09.2021","53,96","53,80","54,41","53,59","527,90K","-0,09%"
"02.09.2021","54,01","54,57","54,81","53,94","649,45K","0,20%"
"01.09.2021","53,90","54,04","54,80","53,53","1,75M","-0,06%"
"31.08.2021","53,93","54,27","55,28","53,71","637,86K","-0,74%"
"30.08.2021","54,33","56,32","56,40","54,27","601,68K","-3,17%"
"27.08.2021","56,11","54,03","56,29","54,03","511,82K","3,93%"
"26.08.2021","53,99","54,41","55,07","53,42","652,42K","-2,00%"
"25.08.2021","55,09","53,42","55,77","52,27","958,88K","2,06%"
"24.08.2021","53,98","52,63","54,37","52,63","481,37K","3,41%"
"23.08.2021","52,20","52,53","53,40","52,11","602,08K","-0,17%"
"20.08.2021","52,29","51,65","52,32","51,13","620,61K","0,64%"
"19.08.2021","51,96","52,49","52,98","51,30","1,50M","-2,29%"
"18.08.2021","53,18","53,82","54,05","53,00","1,11M","-1,54%"
"17.08.2021","54,01","54,58","54,81","53,44","860,54K","-2,03%"
"16.08.2021","55,13","54,87","55,48","54,02","637,28K","-0,95%"
"13.08.2021","55,66","56,16","56,16","55,46","483,12K","-0,52%"
"12.08.2021","55,95","55,94","56,29","55,29","701,95K","-0,09%"
"11.08.2021","56,00","54,36","56,03","53,72","1,51M","3,57%"
"10.08.2021","54,07","52,79","54,12","52,59","997,22K","3,03%"
"09.08.2021","52,48","53,10","53,10","51,56","1,22M","-2,99%"
"06.08.2021","54,10","54,47","54,72","52,95","945,06K","0,30%"
"05.08.2021","53,94","52,60","54,10","52,56","803,60K","3,27%"
"04.08.2021","52,23","52,14","52,70","51,55","984,11K","-0,91%"
"03.08.2021","52,71","52,37","52,89","51,04","734,47K","0,36%"
"02.08.2021","52,52","53,81","54,40","51,98","1,06M","-0,91%"
"30.07.2021","53,00","52,61","53,45","51,58","1,23M","0,19%"
"29.07.2021","52,90","53,41","54,07","52,78","1,87M","1,81%"
"28.07.2021","51,96","52,16","52,61","50,67","862,03K","0,76%"
"27.07.2021","51,57","50,84","51,93","50,84","590,58K","-1,09%"
"26.07.2021","52,14","52,79","52,79","51,70","901,74K","-0,21%"
"23.07.2021","52,25","51,72","52,37","51,05","787,79K","1,48%"
"22.07.2021","51,49","52,40","52,70","50,78","792,43K","-2,85%"
"21.07.2021","53,00","51,93","53,43","51,64","1,23M","4,04%"
"20.07.2021","50,94","48,17","51,13","48,11","1,53M","5,77%"
"19.07.2021","48,16","48,57","49,02","47,30","2,68M","-3,91%"
"16.07.2021","50,12","51,45","51,72","49,84","2,06M","-1,65%"
"15.07.2021","50,96","50,17","51,59","50,17","669,36K","0,10%"
"14.07.2021","50,91","50,85","51,48","49,85","787,88K","0,75%"
"13.07.2021","50,53","50,88","51,19","50,28","706,14K","-1,56%"
"12.07.2021","51,33","51,50","52,03","51,16","640,52K","-1,55%"
"09.07.2021","52,14","51,86","52,25","51,22","666,60K","2,84%"
"08.07.2021","50,70","49,03","51,90","48,71","1,65M","0,66%"
"07.07.2021","50,37","50,17","50,93","49,70","1,02M","0,62%"
"06.07.2021","50,06","51,34","51,34","49,00","1,98M","-3,30%"
"02.07.2021","51,77","51,98","52,22","51,24","557,52K","-0,40%"
"01.07.2021","51,98","52,04","52,49","51,30","827,86K","1,50%"
"30.06.2021","51,21","51,58","52,00","51,03","1,08M","-0,85%"
"29.06.2021","51,65","52,83","53,16","51,58","820,94K","-1,62%"
"28.06.2021","52,50","54,30","54,56","52,03","809,04K","-3,79%"
"25.06.2021","54,57","54,80","55,31","54,31","684,74K","0,29%"
"24.06.2021","54,41","54,00","54,76","53,45","659,17K","0,50%"
"23.06.2021","54,14","55,10","55,63","53,97","672,01K","-1,69%"
"22.06.2021","55,07","55,01","55,57","54,77","454,18K","-0,56%"
"21.06.2021","55,38","54,14","55,88","53,92","1,04M","3,82%"
"18.06.2021","53,34","54,13","54,43","52,84","1,09M","-3,25%"
"17.06.2021","55,13","56,73","56,73","54,28","1,25M","-2,72%"
"16.06.2021","56,67","57,60","57,60","55,94","973,57K","-2,07%"
"15.06.2021","57,87","57,08","58,37","57,03","890,23K","1,67%"
"14.06.2021","56,92","57,60","57,97","56,49","542,86K","-1,20%"
"11.06.2021","57,61","57,94","58,64","57,50","442,48K","0,12%"
"10.06.2021","57,54","58,79","58,89","56,94","611,41K","-0,26%"
"09.06.2021","57,69","58,91","59,25","57,67","467,30K","-2,73%"
"08.06.2021","59,31","57,92","59,49","57,68","685,60K","2,07%"
"07.06.2021","58,11","57,70","58,53","57,24","531,10K","0,71%"
"04.06.2021","57,70","57,89","58,26","56,95","500,35K","0,65%"
"03.06.2021","57,33","58,72","58,74","57,18","624,09K","-2,30%"
"02.06.2021","58,68","60,39","60,39","58,40","747,15K","-2,38%"
"01.06.2021","60,11","59,54","60,94","59,54","1,02M","1,88%"
"28.05.2021","59,00","59,29","59,57","58,09","911,18K","0,00%"
"27.05.2021","59,00","59,76","60,07","58,30","1,87M","0,15%"
"26.05.2021","58,91","56,52","59,28","56,29","1,58M","3,95%"
"25.05.2021","56,67","57,04","58,56","56,44","1,70M","0,55%"
"24.05.2021","56,36","55,94","56,86","55,34","1,07M","0,62%"
"21.05.2021","56,01","56,62","57,32","55,95","1,05M","-0,41%"
"20.05.2021","56,24","56,34","56,66","55,25","1,23M","-0,53%"
"19.05.2021","56,54","55,12","56,80","54,75","1,02M","0,21%"
"18.05.2021","56,42","58,19","58,19","56,38","1,12M","-2,74%"
"17.05.2021","58,01","56,98","58,12","56,60","1,18M","0,61%"
"14.05.2021","57,66","56,03","58,15","55,66","939,96K","3,89%"
"13.05.2021","55,50","54,00","56,51","53,53","1,34M","2,66%"
"12.05.2021","54,06","56,49","56,58","53,55","1,41M","-3,45%"
"11.05.2021","55,99","56,71","56,91","54,50","1,67M","-2,98%"
"10.05.2021","57,71","58,25","59,88","57,63","1,35M","-0,45%"
"07.05.2021","57,97","58,51","59,01","57,60","1,50M","-2,47%"
"06.05.2021","59,44","60,06","60,84","58,67","897,55K","-1,43%"
"05.05.2021","60,30","59,20","60,72","58,78","1,04M","3,25%"
"04.05.2021","58,40","58,56","58,60","56,52","805,60K","-0,56%"
"03.05.2021","58,73","59,01","59,10","57,59","965,60K","0,82%"
"30.04.2021","58,25","59,50","59,60","57,91","931,30K","-2,92%"
"29.04.2021","60,00","60,20","61,40","59,34","807,20K","-0,53%"
"28.04.2021","60,32","61,11","63,49","59,66","2,29M","-0,53%"
"27.04.2021","60,64","59,28","60,86","58,53","2,08M","2,35%"
"26.04.2021","59,25","59,11","59,79","58,89","1,58M","0,65%"
"23.04.2021","58,87","58,19","59,18","58,14","1,09M","1,34%"
"22.04.2021","58,09","58,44","59,83","58,09","1,57M","-0,31%"
"21.04.2021","58,27","57,06","58,33","56,04","1,21M","1,50%"
"20.04.2021","57,41","59,39","59,41","56,61","1,55M","-4,04%"
"19.04.2021","59,83","60,19","60,78","59,40","999,37K","-0,76%"
"16.04.2021","60,29","62,06","62,66","60,17","797,38K","-1,78%"
"15.04.2021","61,38","61,60","61,70","59,82","1,06M","0,24%"
"14.04.2021","61,23","60,08","61,92","60,08","1,00M","2,10%"
"13.04.2021","59,97","60,14","60,61","57,69","978,85K","-1,98%"
"12.04.2021","61,18","61,31","61,64","60,61","655,16K","-0,03%"
"09.04.2021","61,20","60,86","61,90","60,71","859,09K","0,58%"
"08.04.2021","60,85","59,43","60,94","58,30","1,09M","2,11%"
"07.04.2021","59,59","59,30","60,02","59,24","920,54K","0,98%"
"06.04.2021","59,01","58,76","60,73","58,76","674,14K","0,02%"
"05.04.2021","59,00","60,45","60,67","58,95","830,89K","-0,92%"
"01.04.2021","59,55","59,48","59,96","58,93","994,80K","1,38%"
"31.03.2021","58,74","59,34","59,95","58,67","955,91K","-1,41%"
"30.03.2021","59,58","59,99","60,56","58,99","1,16M","0,42%"
"29.03.2021","59,33","59,10","60,36","58,54","1,66M","-0,55%"
"26.03.2021","59,66","59,12","59,88","57,48","966,62K","1,83%"
"25.03.2021","58,59","55,41","58,73","54,57","1,04M","4,35%"
"24.03.2021","56,15","57,66","59,99","56,10","1,38M","-1,00%"
"23.03.2021","56,72","58,58","59,46","56,28","1,68M","-4,62%"
"22.03.2021","59,47","59,90","60,22","58,05","1,54M","-1,34%"
"19.03.2021","60,28","60,54","61,18","59,25","1,71M","-0,89%"
"18.03.2021","60,82","60,38","62,33","60,30","1,51M","-0,86%"
"17.03.2021","61,35","60,26","61,79","59,49","1,60M","2,64%"
"16.03.2021","59,77","61,41","61,49","59,03","1,91M","-2,67%"
"15.03.2021","61,41","61,04","62,40","60,77","2,75M","0,79%"
"12.03.2021","60,93","58,60","61,52","58,55","4,35M","5,38%"
"11.03.2021","57,82","56,48","58,50","55,62","4,58M","8,30%"
"10.03.2021","53,39","56,00","56,00","50,62","6,95M","-4,66%"
"09.03.2021","56,00","56,26","57,00","54,18","3,02M","-2,66%"
"08.03.2021","57,53","57,68","60,00","55,05","6,42M","13,25%"
"05.03.2021","50,80","51,06","51,39","47,93","1,45M","1,62%"
"04.03.2021","49,99","48,98","51,16","48,59","2,31M","2,50%"
"03.03.2021","48,77","46,80","49,55","46,80","1,43M","4,41%"
"02.03.2021","46,71","47,72","48,00","46,10","1,87M","-1,41%"
"01.03.2021","47,38","50,06","50,27","47,38","1,53M","-1,66%"
"26.02.2021","48,18","48,09","48,84","47,21","747,27K","0,38%"
"25.02.2021","48,00","50,00","50,53","47,40","1,26M","-3,88%"
"24.02.2021","49,94","48,50","51,54","48,19","2,46M","4,02%"
"23.02.2021","48,01","46,81","48,13","45,97","1,89M","2,24%"
"22.02.2021","46,96","45,76","48,29","45,76","1,37M","2,33%"
"19.02.2021","45,89","44,24","46,18","44,13","1,15M","4,56%"
"18.02.2021","43,89","43,87","44,15","42,92","963,23K","-0,86%"
"17.02.2021","44,27","43,22","44,80","43,00","801,33K","1,77%"
"16.02.2021","43,50","43,83","44,27","43,25","1,22M","-0,28%"
"12.02.2021","43,62","43,58","44,10","43,39","547,68K","-0,52%"
"11.02.2021","43,85","44,29","44,39","42,96","909,33K","-0,70%"
"10.02.2021","44,16","44,68","44,88","43,90","694,17K","-0,20%"
"09.02.2021","44,25","43,86","44,55","43,34","795,46K","-0,49%"
"08.02.2021","44,47","44,00","45,32","43,92","1,07M","1,65%"
"05.02.2021","43,75","43,92","43,92","43,01","677,76K","0,95%"
"04.02.2021","43,34","43,00","43,99","42,22","1,08M","1,90%"
"03.02.2021","42,53","40,66","42,64","40,66","1,03M","4,24%"
"02.02.2021","40,80","40,72","41,15","40,20","1,99M","2,95%"
"01.02.2021","39,63","38,90","39,74","37,70","1,27M","3,63%"
"29.01.2021","38,24","40,41","40,43","37,99","1,42M","-6,39%"
"28.01.2021","40,85","39,56","41,28","39,38","1,87M","6,38%"
"27.01.2021","38,40","38,55","39,32","37,29","1,95M","-3,32%"
"26.01.2021","39,72","41,87","42,00","39,57","1,69M","-3,73%"
"25.01.2021","41,26","41,20","41,39","38,84","1,42M","0,12%"
"22.01.2021","41,21","41,50","41,75","40,08","1,84M","-2,44%"
"21.01.2021","42,24","43,38","43,76","41,38","1,42M","-3,25%"
"20.01.2021","43,66","44,38","44,49","43,35","569,44K","-0,32%"
"19.01.2021","43,80","43,73","44,83","42,67","1,32M","1,34%"
"15.01.2021","43,22","45,95","45,95","43,08","1,40M","-7,01%"
"14.01.2021","46,48","45,00","47,25","44,76","1,25M","3,89%"
"13.01.2021","44,74","45,55","45,66","44,00","1,59M","-3,47%"
"12.01.2021","46,35","46,00","47,23","45,69","879,87K","1,29%"
"11.01.2021","45,76","43,76","45,80","43,32","1,07M","3,06%"
"08.01.2021","44,40","45,39","45,39","43,19","635,81K","-1,75%"
"07.01.2021","45,19","46,98","47,31","45,11","1,50M","-1,76%"
"06.01.2021","46,00","45,74","46,76","44,88","1,13M","3,28%"
"05.01.2021","44,54","43,03","44,92","43,00","900,37K","2,51%"
"04.01.2021","43,45","46,10","46,31","43,12","889,83K","-4,67%"
"31.12.2020","45,58","45,70","46,09","44,82","635,75K","-1,13%"
"30.12.2020","46,10","44,84","46,17","44,23","997,81K","3,22%"
"29.12.2020","44,66","44,90","45,39","44,32","955,13K","0,86%"
"28.12.2020","44,28","43,91","44,95","43,40","1,22M","1,72%"
"24.12.2020","43,53","42,99","43,56","42,03","312,76K","1,90%"
"23.12.2020","42,72","41,53","42,98","41,47","1,04M","4,27%"
"22.12.2020","40,97","41,83","41,98","40,78","786,22K","-1,94%"
"21.12.2020","41,78","40,00","42,32","39,00","2,37M","1,68%"
"18.12.2020","41,09","42,40","42,45","40,88","974,25K","-3,09%"
"17.12.2020","42,40","41,82","42,50","41,65","841,81K","0,95%"
"16.12.2020","42,00","41,40","42,15","41,03","1,05M","1,30%"
"15.12.2020","41,46","41,74","41,84","40,60","1,09M","0,17%"
"14.12.2020","41,39","42,98","43,61","41,37","1,20M","-1,99%"
"11.12.2020","42,23","42,82","43,00","41,48","1,69M","-2,90%"
"10.12.2020","43,49","41,23","44,30","41,04","2,11M","3,92%"
"09.12.2020","41,85","42,36","42,95","40,84","1,47M","-0,26%"
"08.12.2020","41,96","41,19","41,99","41,00","1,56M","0,87%"
"07.12.2020","41,60","42,69","42,97","41,24","1,91M","-4,06%"
"04.12.2020","43,36","40,75","43,75","40,54","3,05M","7,65%"
"03.12.2020","40,28","38,25","41,09","38,16","2,71M","6,17%"
"02.12.2020","37,94","37,28","38,26","36,58","2,10M","1,44%"
"01.12.2020","37,40","37,74","38,68","36,80","2,49M","1,74%"
"30.11.2020","36,76","38,44","39,73","36,76","21,90M","-4,91%"
"27.11.2020","38,66","40,14","40,75","38,63","2,22M","-4,85%"
"25.11.2020","40,63","41,64","42,31","40,26","2,52M","-3,26%"
"24.11.2020","42,00","43,77","43,90","41,75","3,31M","3,86%"
"23.11.2020","40,44","39,03","40,86","38,50","1,60M","6,65%"
"20.11.2020","37,92","38,68","38,78","37,25","1,34M","-2,77%"
"19.11.2020","39,00","38,23","39,34","37,32","1,36M","-2,35%"
"18.11.2020","39,94","40,57","41,78","38,80","2,33M","-1,11%"
"17.11.2020","40,39","38,06","41,42","37,74","3,16M","2,83%"
"16.11.2020","39,28","38,75","39,93","37,07","2,67M","8,27%"
"13.11.2020","36,28","35,25","36,57","34,81","2,17M","5,01%"
"12.11.2020","34,55","34,55","35,50","33,59","2,02M","-1,43%"
"11.11.2020","35,05","34,91","35,87","33,80","2,83M","0,78%"
"10.11.2020","34,78","33,21","36,50","32,98","4,14M","-2,08%"
"09.11.2020","35,52","33,46","36,96","33,46","5,70M","31,36%"
"06.11.2020","27,04","28,33","28,57","26,98","1,75M","-4,08%"
"05.11.2020","28,19","27,11","28,29","26,84","1,59M","6,38%"
"04.11.2020","26,50","26,72","27,51","25,79","1,12M","-3,88%"
"03.11.2020","27,57","27,06","27,77","26,87","1,09M","4,99%"
"02.11.2020","26,26","25,09","26,26","24,81","1,95M","5,76%"
"30.10.2020","24,83","25,18","25,42","24,29","1,19M","-1,94%"
"29.10.2020","25,32","25,40","25,85","24,76","1,50M","-0,04%"
"28.10.2020","25,33","26,41","26,49","25,28","1,69M","-7,62%"
"27.10.2020","27,42","28,56","28,56","27,40","1,31M","-4,96%"
"26.10.2020","28,85","29,57","29,83","28,20","1,41M","-4,22%"
"23.10.2020","30,12","30,28","30,91","29,53","1,71M","1,18%"
"22.10.2020","29,77","28,67","29,93","28,63","1,40M","4,82%"
"21.10.2020","28,40","28,67","28,83","28,06","1,10M","-1,76%"
"20.10.2020","28,91","28,95","29,50","28,52","1,32M","1,30%"
"19.10.2020","28,54","27,10","28,99","27,10","1,63M","6,53%"
"16.10.2020","26,79","26,85","27,72","26,70","1,38M","0,53%"
"15.10.2020","26,65","25,87","26,67","25,66","1,92M","0,95%"
"14.10.2020","26,40","26,66","26,97","26,21","1,29M","-0,34%"
"13.10.2020","26,49","27,00","27,09","26,48","1,44M","-3,53%"
"12.10.2020","27,46","27,76","28,19","27,29","1,03M","-1,12%"
"09.10.2020","27,77","27,80","28,06","27,02","1,26M","0,36%"
"08.10.2020","27,67","27,40","27,96","27,04","1,89M","2,82%"
"07.10.2020","26,91","26,14","27,36","26,14","1,21M","4,59%"
"06.10.2020","25,73","27,54","27,65","25,62","1,44M","-4,74%"
"05.10.2020","27,01","27,11","27,49","26,67","1,54M","1,54%"
"02.10.2020","26,60","25,28","26,75","24,94","2,28M","2,03%"
"01.10.2020","26,07","25,36","26,47","25,25","2,34M","3,49%"
"30.09.2020","25,19","25,05","26,04","24,95","1,25M","0,52%"
"29.09.2020","25,06","25,38","25,38","24,49","1,28M","-1,76%"
"28.09.2020","25,51","24,02","25,99","23,89","1,85M","10,48%"
"25.09.2020","23,09","22,71","23,48","22,56","1,54M","0,26%"
"24.09.2020","23,03","22,77","23,69","21,99","1,77M","0,00%"
"23.09.2020","23,03","24,25","25,10","22,87","2,22M","-3,96%"
"22.09.2020","23,98","24,79","25,49","23,96","1,80M","-3,77%"
"21.09.2020","24,92","25,55","25,55","23,66","2,84M","-6,07%"
"18.09.2020","26,53","28,19","28,19","26,45","3,49M","-6,49%"
"17.09.2020","28,37","27,94","29,00","27,76","887,87K","-1,12%"
"16.09.2020","28,69","27,88","29,03","27,23","1,49M","3,28%"
"15.09.2020","27,78","29,01","29,55","27,74","1,17M","-3,68%"
"14.09.2020","28,84","28,29","28,91","27,36","959,64K","2,96%"
"11.09.2020","28,01","28,21","28,42","27,46","1,24M","-0,36%"
"10.09.2020","28,11","29,05","29,35","28,01","1,10M","-2,53%"
"09.09.2020","28,84","29,29","29,35","27,98","1,21M","-0,45%"
"08.09.2020","28,97","29,07","29,40","28,34","1,19M","-3,01%"
"04.09.2020","29,87","29,30","30,27","28,63","891,35K","3,90%"
"03.09.2020","28,75","30,00","31,20","28,46","1,03M","-3,46%"
"02.09.2020","29,78","29,61","29,91","28,75","819,90K","0,57%"
"01.09.2020","29,61","29,30","30,12","28,42","1,03M","0,14%"
"31.08.2020","29,57","31,48","31,48","29,50","1,25M","-5,92%"
"28.08.2020","31,43","31,81","32,04","31,10","719,81K","0,06%"
"27.08.2020","31,41","29,46","31,63","29,46","1,18M","6,62%"
"26.08.2020","29,46","30,80","30,97","29,33","822,96K","-4,44%"
"25.08.2020","30,83","31,00","31,43","30,15","1,15M","0,19%"
"24.08.2020","30,77","29,41","30,77","29,16","1,12M","5,78%"
"21.08.2020","29,09","29,64","29,71","28,70","1,56M","-2,77%"
"20.08.2020","29,92","30,17","30,40","29,65","747,13K","-2,16%"
"19.08.2020","30,58","30,68","31,12","30,20","1,04M","0,03%"
"18.08.2020","30,57","31,18","31,45","30,50","607,97K","-1,80%"
"17.08.2020","31,13","31,87","32,10","30,52","629,08K","-1,80%"
"14.08.2020","31,70","31,37","32,37","30,60","845,67K","0,00%"
"13.08.2020","31,70","32,36","32,99","31,60","796,62K","-3,21%"
"12.08.2020","32,75","33,46","33,62","32,12","936,93K","-0,37%"
"11.08.2020","32,87","33,88","34,92","32,71","976,96K","0,95%"
"10.08.2020","32,56","31,71","33,39","31,71","1,13M","3,14%"
"07.08.2020","31,57","30,15","31,66","29,57","1,23M","4,88%"
"06.08.2020","30,10","30,50","30,98","29,71","846,15K","-1,47%"
"05.08.2020","30,55","29,88","30,79","29,19","1,62M","4,12%"
"04.08.2020","29,34","28,14","29,48","28,03","1,33M","3,82%"
"03.08.2020","28,26","26,86","28,34","26,69","1,15M","4,94%"
"31.07.2020","26,93","27,10","27,23","25,81","1,57M","-1,03%"
"30.07.2020","27,21","27,70","27,79","26,32","2,04M","-4,29%"
"29.07.2020","28,43","27,71","28,53","26,52","1,91M","7,85%"
"28.07.2020","26,36","27,27","27,40","26,30","2,29M","-3,41%"
"27.07.2020","27,29","28,13","28,13","26,70","1,55M","-3,33%"
"24.07.2020","28,23","29,30","29,30","28,15","1,06M","-4,40%"
"23.07.2020","29,53","29,18","30,19","28,30","809,43K","0,58%"
"22.07.2020","29,36","29,25","29,65","28,86","1,19M","-0,44%"
"21.07.2020","29,49","30,61","31,16","29,39","769,20K","-2,83%"
"20.07.2020","30,35","31,40","31,92","29,91","1,07M","-4,08%"
"17.07.2020","31,64","31,62","31,97","31,11","806,36K","-0,19%"
"16.07.2020","31,70","32,33","32,52","31,45","935,56K","-3,32%"
"15.07.2020","32,79","31,46","33,23","31,46","1,66M","8,18%"
"14.07.2020","30,31","29,73","30,95","29,45","1,45M","1,58%"
"13.07.2020","29,84","29,39","30,99","28,33","1,29M","3,94%"
"10.07.2020","28,71","27,59","28,89","27,40","1,05M","3,76%"
"09.07.2020","27,67","29,47","29,50","27,35","1,12M","-6,43%"
"08.07.2020","29,57","27,48","29,60","27,12","1,84M","6,83%"
"07.07.2020","27,68","29,92","29,92","27,53","1,73M","-9,34%"
"06.07.2020","30,53","30,12","30,64","29,10","1,65M","3,74%"
"02.07.2020","29,43","30,46","30,89","29,07","1,18M","-0,78%"
"01.07.2020","29,66","31,04","32,00","29,56","1,06M","-3,70%"
"30.06.2020","30,80","30,33","31,11","29,42","1,41M","0,82%"
"29.06.2020","30,55","29,02","30,83","28,04","1,67M","6,11%"
"26.06.2020","28,79","30,18","30,39","28,79","1,56M","-5,26%"
"25.06.2020","30,39","30,18","31,14","29,62","1,31M","-0,88%"
"24.06.2020","30,66","31,56","31,73","29,45","1,12M","-4,69%"
"23.06.2020","32,17","32,14","32,59","31,93","841,72K","1,42%"
"22.06.2020","31,72","31,67","31,94","30,90","695,68K","-1,21%"
"19.06.2020","32,11","33,54","33,54","31,61","1,28M","-2,49%"
"18.06.2020","32,93","33,35","33,87","32,52","902,72K","-1,99%"
"17.06.2020","33,60","35,25","35,25","33,19","1,10M","-5,00%"
"16.06.2020","35,37","36,51","37,38","34,99","1,84M","3,36%"
"15.06.2020","34,22","32,28","34,78","31,85","1,44M","-0,09%"
"12.06.2020","34,25","33,61","34,84","32,60","1,67M","9,04%"
"11.06.2020","31,41","31,50","33,16","30,81","3,29M","-10,26%"
"10.06.2020","35,00","37,55","37,79","34,95","2,04M","-7,63%"
"09.06.2020","37,89","38,27","38,49","36,93","1,25M","-5,37%"
"08.06.2020","40,04","39,45","40,27","39,07","1,55M","5,93%"
"05.06.2020","37,80","40,54","43,24","37,56","2,62M","0,88%"
"04.06.2020","37,47","35,54","37,87","34,49","1,93M","5,43%"
"03.06.2020","35,54","33,58","35,97","33,49","1,87M","7,99%"
"02.06.2020","32,91","33,05","33,52","32,74","1,29M","0,58%"
"01.06.2020","32,72","31,88","33,20","31,42","1,22M","1,49%"
"29.05.2020","32,24","31,50","32,89","31,40","2,60M","-0,59%"
"28.05.2020","32,43","33,81","33,99","32,29","1,96M","-1,79%"
"27.05.2020","33,02","31,70","33,03","31,24","2,93M","8,01%"
"26.05.2020","30,57","30,84","31,34","30,09","2,25M","6,15%"
"22.05.2020","28,80","29,14","29,55","28,36","1,47M","-0,66%"
"21.05.2020","28,99","28,78","29,25","28,65","1,07M","2,58%"
"20.05.2020","28,26","28,62","29,14","28,17","1,36M","1,07%"
"19.05.2020","27,96","28,96","29,49","27,57","1,78M","-4,31%"
"18.05.2020","29,22","27,57","29,46","27,06","1,66M","15,59%"
"15.05.2020","25,28","25,50","25,91","24,89","1,30M","-2,21%"
"14.05.2020","25,85","23,76","25,97","22,66","1,99M","3,44%"
"13.05.2020","24,99","26,86","27,04","24,39","1,62M","-7,89%"
"12.05.2020","27,13","28,22","28,94","27,10","1,06M","-5,31%"
"11.05.2020","28,65","29,84","29,84","27,95","1,03M","-5,82%"
"08.05.2020","30,42","29,11","30,57","28,65","1,39M","7,68%"
"07.05.2020","28,25","27,59","28,39","27,50","1,49M","4,36%"
"06.05.2020","27,07","28,70","29,38","27,07","1,55M","-3,04%"
"05.05.2020","27,92","29,95","32,48","27,68","3,47M","2,53%"
"04.05.2020","27,23","24,71","27,39","23,90","3,50M","2,41%"
"01.05.2020","26,59","27,50","27,96","26,36","1,85M","-5,44%"
"30.04.2020","28,12","28,18","28,93","26,89","1,93M","-1,23%"
"29.04.2020","28,47","26,74","29,20","26,14","2,27M","17,11%"
"28.04.2020","24,31","24,53","25,33","23,89","2,77M","2,01%"
"27.04.2020","23,83","21,90","23,90","21,67","1,86M","7,05%"
"24.04.2020","22,26","22,55","22,70","21,61","1,15M","-0,18%"
"23.04.2020","22,30","22,71","23,29","22,25","1,48M","-0,36%"
"22.04.2020","22,38","23,28","23,78","21,97","3,25M","-0,97%"
"21.04.2020","22,60","22,08","22,99","21,87","1,95M","-1,57%"
"20.04.2020","22,96","23,13","23,79","21,93","2,36M","-6,02%"
"17.04.2020","24,43","23,94","25,04","23,69","2,91M","7,48%"
"16.04.2020","22,73","24,20","24,39","22,52","1,97M","-6,11%"
"15.04.2020","24,21","23,28","24,36","22,62","2,33M","-0,86%"
"14.04.2020","24,42","25,31","26,27","24,00","1,36M","-1,33%"
"13.04.2020","24,75","26,10","26,48","23,72","1,32M","-3,92%"
"09.04.2020","25,76","25,74","26,75","24,83","2,22M","5,40%"
"08.04.2020","24,44","24,17","25,26","23,61","1,92M","2,78%"
"07.04.2020","23,78","23,71","26,99","23,18","2,99M","10,35%"
"06.04.2020","21,55","20,80","23,00","20,20","2,11M","13,96%"
"03.04.2020","18,91","19,60","20,26","17,79","2,86M","-2,83%"
"02.04.2020","19,46","20,00","21,46","19,10","1,88M","-3,09%"
"01.04.2020","20,08","21,19","21,53","19,50","2,05M","-11,89%"
"31.03.2020","22,79","22,78","24,28","22,35","1,95M","0,04%"
"30.03.2020","22,78","21,31","23,50","18,97","2,62M","6,50%"
"27.03.2020","21,39","24,46","24,48","21,00","2,81M","-14,17%"
"26.03.2020","24,92","26,84","29,42","24,42","4,73M","-2,50%"
"25.03.2020","25,56","23,97","27,58","21,91","5,37M","17,30%"
"24.03.2020","21,79","17,91","21,85","17,91","5,90M","33,85%"
"23.03.2020","16,28","17,54","18,91","16,00","3,99M","-12,05%"
"20.03.2020","18,51","17,67","22,82","17,00","5,35M","7,37%"
"19.03.2020","17,24","14,96","17,74","12,22","6,66M","13,87%"
"18.03.2020","15,14","15,80","16,09","10,42","7,21M","-13,29%"
"17.03.2020","17,46","21,00","21,31","17,43","4,13M","-16,22%"
"16.03.2020","20,84","20,01","22,14","19,11","6,37M","-14,94%"
"13.03.2020","24,50","30,25","30,26","22,21","7,89M","-8,68%"
"12.03.2020","26,83","35,97","36,44","26,79","6,16M","-32,94%"
"11.03.2020","40,01","43,74","43,88","39,83","2,25M","-11,60%"
"10.03.2020","45,26","43,93","45,29","42,27","2,34M","7,28%"
"09.03.2020","42,19","44,37","45,17","42,16","2,57M","-11,09%"
"06.03.2020","47,45","46,00","47,81","45,32","3,72M","-0,23%"
"05.03.2020","47,56","49,80","50,13","46,39","3,03M","-7,95%"
"04.03.2020","51,67","52,01","52,02","49,60","2,03M","0,92%"
"03.03.2020","51,20","52,74","53,24","50,88","1,31M","-2,72%"
"02.03.2020","52,63","52,46","52,67","50,70","1,55M","1,06%"
"28.02.2020","52,08","50,60","53,04","50,50","1,90M","-0,12%"
"27.02.2020","52,14","53,33","53,84","51,46","2,24M","-4,07%"
"26.02.2020","54,35","55,00","55,30","53,83","1,76M","-0,35%"
"25.02.2020","54,54","58,12","58,20","54,52","2,06M","-5,95%"
"24.02.2020","57,99","59,87","59,87","57,23","2,18M","-5,94%"
"21.02.2020","61,65","62,12","62,36","61,01","1,80M","-1,52%"
"20.02.2020","62,60","62,48","62,85","62,07","1,09M","-0,18%"
"19.02.2020","62,71","62,01","62,73","61,74","1,01M","1,15%"
"18.02.2020","62,00","61,82","62,42","60,87","1,51M","-0,83%"
"14.02.2020","62,52","62,67","63,25","61,96","1,26M","0,11%"
"13.02.2020","62,45","63,44","64,86","62,05","1,88M","2,76%"
"12.02.2020","60,77","60,43","60,91","60,11","697,59K","1,22%"
"11.02.2020","60,04","58,94","60,15","58,94","825,92K","2,06%"
"10.02.2020","58,83","57,90","58,83","57,85","424,71K","1,15%"
"07.02.2020","58,16","58,33","58,52","57,86","719,67K","-0,95%"
"06.02.2020","58,72","60,00","60,42","58,68","982,82K","-1,81%"
"05.02.2020","59,80","59,90","60,20","59,53","731,61K","1,24%"
"04.02.2020","59,07","58,14","59,62","57,68","931,91K","3,45%"
"03.02.2020","57,10","56,86","57,35","56,57","741,59K","0,87%"
"31.01.2020","56,61","58,14","58,14","56,35","860,57K","-3,26%"
"30.01.2020","58,52","57,75","58,54","57,00","871,37K","-0,02%"
"29.01.2020","58,53","59,12","59,72","58,44","909,68K","-0,51%"
"28.01.2020","58,83","58,27","59,09","57,89","681,52K","1,26%"
"27.01.2020","58,10","59,04","59,20","57,99","646,42K","-3,31%"
"24.01.2020","60,09","61,01","61,24","59,77","888,44K","-1,67%"
"23.01.2020","61,11","60,58","61,11","59,47","401,18K","0,43%"
"22.01.2020","60,85","61,15","61,56","60,84","694,29K","0,21%"
"21.01.2020","60,72","62,02","62,17","60,63","1,22M","-2,61%"
"17.01.2020","62,35","62,66","62,89","62,17","347,61K","-0,29%"
"16.01.2020","62,53","61,78","62,61","61,78","426,71K","1,77%"
"15.01.2020","61,44","61,01","61,44","60,53","381,62K","0,46%"
"14.01.2020","61,16","61,12","61,60","60,91","620,11K","-0,21%"
"13.01.2020","61,29","60,67","61,29","60,59","461,21K","1,26%"
"10.01.2020","60,53","60,88","61,16","60,35","628,90K","-0,72%"
"09.01.2020","60,97","60,88","61,04","60,61","589,62K","0,53%"
"08.01.2020","60,65","60,74","61,07","60,56","598,38K","0,00%"
"07.01.2020","60,65","60,66","61,27","60,51","596,16K","-0,16%"
"06.01.2020","60,75","60,65","61,10","60,50","449,39K","-0,70%"
"03.01.2020","61,18","60,60","61,56","60,38","532,94K","-0,79%"
"02.01.2020","61,67","61,66","61,86","60,98","410,41K","0,33%"